time,size,ops,depth,noise,defense,label
0.03792814223946266,29168.0,16,1,95.88,0,mean
0.04570268523102084,17104.0,28,1,97.0,0,mean
0.027011580207862672,29296.0,16,1,98.02,0,mean
0.028873287939081883,20896.0,24,1,97.98,0,mean
0.03198680491047294,29632.0,16,1,97.46,0,mean
0.03293969236321736,19872.0,24,1,98.47,0,mean
0.037128263477141606,14768.0,32,1,96.92,0,mean
0.02691294320187694,29120.0,16,1,96.14,0,mean
0.034880948001819616,18480.0,24,1,97.54,0,mean
0.04172505983673298,18656.0,24,1,95.1,0,mean
0.03955014314343944,27696.0,18,1,94.6,0,mean
0.03717188894517629,27248.0,20,1,96.19,0,mean
0.02731134695892582,20832.0,24,1,95.91,0,mean
0.02760416817739456,19472.0,20,1,100.77,0,mean
0.0478924649046433,23424.0,20,1,96.69,0,mean
0.04453130143025156,15936.0,30,1,96.59,0,mean
0.023157649072473026,20656.0,24,1,96.3,0,mean
0.034461509855642954,26976.0,14,1,96.1,0,mean
0.03998219275310931,20000.0,24,1,95.06,0,mean
0.028042408951004218,22464.0,20,1,96.25,0,mean
0.03400896236595522,19824.0,20,1,95.36,0,mean
0.04048586048640217,19120.0,24,1,97.84,0,mean
0.02461091079755262,22048.0,20,1,100.05,0,mean
0.03182842270353616,29120.0,16,1,94.36,0,mean
0.030479048396623125,31696.0,14,1,99.14,0,mean
0.045098191607976915,15520.0,28,1,96.41,0,mean
0.04210956101317314,18736.0,24,1,97.97,0,mean
0.03291937581487258,20864.0,22,1,99.87,0,mean
0.05371800033986175,25424.0,16,1,94.67,0,mean
0.05571646623244132,16336.0,32,1,97.03,0,mean
0.04829718250716835,15120.0,32,1,95.16,0,mean
0.03595306453337291,18656.0,28,1,97.54,0,mean
0.028911819549662505,21008.0,22,1,96.89,0,mean
0.06099096722484282,15664.0,28,1,97.06,0,mean
0.03501925083831134,14688.0,32,1,97.22,0,mean
0.026667033030695488,20832.0,24,1,97.91,0,mean
0.039651022695898,17904.0,30,1,97.65,0,mean
0.02805011518650422,29280.0,16,1,98.54,0,mean
0.039250834802236546,18912.0,24,1,98.75,0,mean
0.028478630251093033,17536.0,28,1,96.83,0,mean
0.04531693450220495,23648.0,24,1,95.9,0,mean
0.02964588080880415,29520.0,16,1,95.54,0,mean
0.023732834477956523,17312.0,28,1,95.83,0,mean
0.03916101840799231,18800.0,22,1,94.64,0,mean
0.026861209903180194,29168.0,20,1,96.12,0,mean
0.04328186192845754,14848.0,28,1,98.23,0,mean
0.04890900232407434,17648.0,26,1,97.33,0,mean
0.032688588549788504,22192.0,20,1,98.18,0,mean
0.04996011734290431,23696.0,22,1,97.01,0,mean
0.03392680481465035,22320.0,24,1,95.84,0,mean
0.024039256309016464,22304.0,20,1,94.48,0,mean
0.03395373997554465,29888.0,12,1,95.64,0,mean
0.044845611189366065,15232.0,32,1,98.45,0,mean
0.03651664166180102,17680.0,32,1,96.92,0,mean
0.034069606997890745,31968.0,14,1,93.97,0,mean
0.030580865154262803,16784.0,28,1,98.2,0,mean
0.021818698893095703,22368.0,24,1,95.38,0,mean
0.039440164678905175,14976.0,34,1,97.55,0,mean
0.02164275963868219,20592.0,22,1,96.68,0,mean
0.0276314693867996,17680.0,30,1,97.16,0,mean
0.03705627385282313,17584.0,28,1,96.23,0,mean
0.04365909249096014,17056.0,28,1,97.37,0,mean
0.028360391555740817,26720.0,14,1,97.98,0,mean
0.028329368030073486,20656.0,24,1,96.58,0,mean
0.035547091647874854,18752.0,24,1,96.87,0,mean
0.03369299156658838,27408.0,22,1,97.71,0,mean
0.04255284648123259,23728.0,22,1,96.33,0,mean
0.034551178833221584,20032.0,26,1,94.52,0,mean
0.04118849322866825,14928.0,32,1,100.12,0,mean
0.039290231322045,18960.0,28,1,95.7,0,mean
0.04617521744933111,23712.0,20,1,96.04,0,mean
0.02212210709941044,19232.0,24,1,98.43,0,mean
0.035147396645853764,14752.0,32,1,96.49,0,mean
0.017500153697854248,21680.0,24,1,95.87,0,mean
0.041265016059213795,18800.0,24,1,97.65,0,mean
0.0401480849869614,27376.0,16,1,96.94,0,mean
0.04542145858821243,27648.0,20,1,99.02,0,mean
0.040566801803457946,14736.0,36,1,97.58,0,mean
0.028113670936082438,32080.0,18,1,96.84,0,mean
0.035769495062907726,25104.0,20,1,96.35,0,mean
0.03532792568534539,27248.0,16,1,94.46,0,mean
0.03079973644973343,20912.0,24,1,98.34,0,mean
0.04271584602060005,16992.0,28,1,95.93,0,mean
0.033884941876624955,18672.0,24,1,95.1,0,mean
0.02099454460369957,29120.0,18,1,95.19,0,mean
0.041484641122700935,16096.0,28,1,98.57,0,mean
0.035039542687154784,18592.0,24,1,97.58,0,mean
0.04827536329099605,16160.0,24,1,97.29,0,mean
0.04298790391500354,16240.0,26,1,98.04,0,mean
0.027588946633124806,26656.0,16,1,94.95,0,mean
0.02974067242361018,18464.0,20,1,96.02,0,mean
0.04012457418678532,25232.0,20,1,96.46,0,mean
0.04652036820061681,23392.0,22,1,97.77,0,mean
0.034383616266037656,19968.0,28,1,96.2,0,mean
0.037620360952291154,14816.0,32,1,97.84,0,mean
0.03700871419899316,32592.0,16,1,97.86,0,mean
0.04261734293099937,27472.0,12,1,97.24,0,mean
0.04510600732252554,15232.0,32,1,97.2,0,mean
0.02708991132009506,29776.0,16,1,97.08,0,mean
0.054792634154421156,23776.0,20,1,94.31,0,mean
0.07450218492520595,29728.0,42,1,94.31,0,variance
0.08105233737515506,30032.0,44,1,92.06,0,variance
0.08159363225349069,27360.0,44,2,94.88,0,variance
0.06767820011447793,24976.0,50,1,92.96,0,variance
0.08364186059298957,18944.0,68,1,92.77,0,variance
0.06507759368029951,19808.0,64,2,93.91,0,variance
0.10929931317440013,16272.0,76,1,91.45,0,variance
0.09219524016022784,18224.0,68,1,94.5,0,variance
0.07545376765163421,32560.0,40,2,90.92,0,variance
0.06368055062761982,18368.0,68,1,92.22,0,variance
0.06289117810741393,20944.0,58,2,92.7,0,variance
0.06970608740698936,29584.0,48,1,94.14,0,variance
0.10442513054392033,23792.0,52,1,94.76,0,variance
0.06666363676064037,17744.0,68,1,93.5,0,variance
0.0695243933977885,27152.0,48,1,91.72,0,variance
0.07845540167275433,14656.0,82,1,94.55,0,variance
0.0403591405347132,20528.0,60,1,92.62,0,variance
0.10131824300805858,23728.0,52,2,91.21,0,variance
0.07903758752206863,25360.0,52,2,91.87,0,variance
0.06306264741224522,27232.0,48,1,90.98,0,variance
0.08619678483148994,14704.0,78,1,94.7,0,variance
0.05113897939201238,22080.0,52,1,91.44,0,variance
0.06787759648959162,32464.0,40,1,94.04,0,variance
0.07066461744055788,17824.0,64,1,92.37,0,variance
0.10863355032673762,16368.0,74,1,91.84,0,variance
0.06895998371404413,14720.0,88,1,93.79,0,variance
0.07659735901046814,21072.0,60,1,91.76,0,variance
0.05301057344610072,22432.0,56,1,94.9,0,variance
0.10278103474019044,17056.0,72,1,92.65,0,variance
0.11758940929178502,24144.0,52,1,93.08,0,variance
0.07680956798177738,20256.0,64,1,94.9,0,variance
0.09991495886817954,16256.0,80,2,90.27,0,variance
0.08884257945738863,16352.0,76,1,93.64,0,variance
0.03753088232849389,21952.0,60,1,93.18,0,variance
0.10592565779984293,15712.0,78,1,90.63,0,variance
0.0910097903178122,16992.0,72,1,93.07,0,variance
0.08839919491268575,27136.0,44,1,91.74,0,variance
0.052062510739279706,22176.0,60,2,92.23,0,variance
0.09675980482415165,15472.0,78,1,94.16,0,variance
0.07199636918054728,21232.0,60,1,92.72,0,variance
0.10337654407259214,17264.0,72,1,91.64,0,variance
0.08088011770616077,15008.0,84,1,92.27,0,variance
0.061385787200870186,19520.0,60,1,92.86,0,variance
0.06000515826900473,21168.0,64,2,94.22,0,variance
0.0882141795417421,25520.0,52,1,93.79,0,variance
0.10669876335784692,16432.0,72,1,88.79,0,variance
0.08593959851897216,25680.0,50,1,94.5,0,variance
0.06019453176709743,19568.0,64,2,92.58,0,variance
0.10730280940380088,16320.0,80,2,90.89,0,variance
0.060265638573031646,14560.0,78,1,91.12,0,variance
0.07748412430621231,20048.0,64,2,91.23,0,variance
0.07799551835844366,17808.0,66,1,90.96,0,variance
0.08935873157503671,16080.0,76,1,92.71,0,variance
0.10490891615659376,23728.0,50,1,93.67,0,variance
0.0709057819115559,14704.0,84,1,92.76,0,variance
0.06977479386657406,17936.0,68,3,90.5,0,variance
0.10737109289310313,24016.0,52,2,91.03,0,variance
0.0997803393511639,23680.0,52,1,93.87,0,variance
0.06870613922468005,29520.0,40,1,92.66,0,variance
0.05890566065769225,20576.0,62,1,94.24,0,variance
0.06591911316496861,17792.0,68,1,93.99,0,variance
0.07237629056879372,25216.0,52,1,92.97,0,variance
0.09709963863741669,16160.0,72,1,92.76,0,variance
0.07730211376640453,25168.0,48,1,90.62,0,variance
0.07457498987929309,18448.0,68,1,93.83,0,variance
0.10511999298830756,23840.0,54,1,93.64,0,variance
0.07728560020587977,27184.0,48,2,92.42,0,variance
0.08238549862807185,27264.0,48,1,93.07,0,variance
0.09075706966381196,16576.0,80,2,92.88,0,variance
0.08968947953023544,17200.0,72,1,94.01,0,variance
0.08777652683416598,25040.0,48,2,92.33,0,variance
0.10135022356144537,15600.0,76,1,90.48,0,variance
0.09233330444820191,16240.0,72,1,92.72,0,variance
0.0798592124268609,18688.0,64,1,91.7,0,variance
0.07310897979457494,27056.0,46,1,93.94,0,variance
0.06912869963182416,17568.0,72,1,91.81,0,variance
0.0660441934906246,23280.0,54,2,93.32,0,variance
0.04269481671162349,23520.0,52,1,94.12,0,variance
0.032164476672794325,22656.0,56,1,91.47,0,variance
0.03117915978060821,19504.0,62,1,93.94,0,variance
0.02758627454257778,20784.0,62,1,93.3,0,variance
0.0582185427081722,24080.0,48,1,90.07,0,variance
0.03281819844715354,29248.0,44,1,92.53,0,variance
0.03484109030711153,18800.0,64,1,93.18,0,variance
0.048459914614186674,23824.0,50,2,91.66,0,variance
0.048499708192968644,15104.0,88,1,93.56,0,variance
0.0333915989840897,32352.0,40,1,91.15,0,variance
0.040511312508032735,16256.0,72,1,93.68,0,variance
0.035665187556599004,27216.0,46,1,93.19,0,variance
0.042344372285373535,14928.0,84,1,90.88,0,variance
0.039804782534934705,25648.0,50,2,90.28,0,variance
0.0390708517682202,16832.0,76,1,92.43,0,variance
0.02685389764894257,31488.0,38,2,93.37,0,variance
0.02753318811174808,21072.0,62,1,93.8,0,variance
0.027521666297207127,18528.0,64,2,92.48,0,variance
0.029616633420728917,19664.0,60,1,90.62,0,variance
0.04696120549022158,25312.0,48,1,91.66,0,variance
0.026528742738001553,29216.0,42,1,92.98,0,variance
0.054886075837647263,15776.0,80,1,92.1,0,variance
0.040907093240175406,18704.0,66,1,91.13,0,variance
0.019871555330118876,16848.0,32,1,93.28,0,dot_product
0.019547433270233158,23776.0,24,1,94.69,0,dot_product
0.02248216000645018,15792.0,44,1,92.78,0,dot_product
0.023048169662220334,15712.0,40,2,94.85,0,dot_product
0.018495065611845656,23728.0,28,1,92.28,0,dot_product
0.012768841595865213,17536.0,32,2,95.67,0,dot_product
0.016571782526506346,27744.0,20,2,93.16,0,dot_product
0.021284184536874706,24032.0,20,2,94.42,0,dot_product
0.01744895705614615,17152.0,36,2,94.01,0,dot_product
0.017268332312304614,27584.0,24,1,94.77,0,dot_product
0.014242405899945422,17984.0,32,1,95.67,0,dot_product
0.02266035847369839,15712.0,36,2,94.33,0,dot_product
0.020612458418661845,17424.0,30,1,94.38,0,dot_product
0.0171576839573707,19376.0,28,1,95.12,0,dot_product
0.013958397630434301,19888.0,34,1,94.49,0,dot_product
0.017494407963588643,20352.0,28,3,92.79,0,dot_product
0.015792929550228776,27296.0,24,1,93.59,0,dot_product
0.012510160530298855,29376.0,16,2,94.48,0,dot_product
0.016060121693988832,20032.0,32,1,95.78,0,dot_product
0.01932737227986534,17136.0,28,1,94.06,0,dot_product
0.016840482186899174,25536.0,24,1,91.93,0,dot_product
0.008277899770129412,22128.0,24,1,93.45,0,dot_product
0.019542454898601486,23792.0,22,1,94.31,0,dot_product
0.02854533683083252,17344.0,40,1,95.53,0,dot_product
0.01632575436527751,17728.0,36,1,94.44,0,dot_product
0.01575770809512623,14752.0,44,1,92.98,0,dot_product
0.015179644814015843,19680.0,32,1,92.04,0,dot_product
0.02177327374375405,16240.0,38,2,94.62,0,dot_product
0.01168653935779478,21264.0,28,1,94.53,0,dot_product
0.01839026544410091,17040.0,28,1,95.72,0,dot_product
0.011921518674262546,22416.0,22,1,95.8,0,dot_product
0.019529811483308405,17376.0,40,1,96.34,0,dot_product
0.014887806676515012,32704.0,20,1,90.8,0,dot_product
0.017115200627857693,25600.0,24,1,96.27,0,dot_product
0.01728545904498274,18080.0,32,1,95.81,0,dot_product
0.01225683677819562,17392.0,36,2,94.68,0,dot_product
0.01329917962506601,29520.0,24,2,91.49,0,dot_product
0.014718259036279662,32752.0,20,2,93.97,0,dot_product
0.010878343461829743,20784.0,30,2,93.44,0,dot_product
0.02135215514363135,27936.0,18,2,94.7,0,dot_product
0.02047373312761609,23904.0,20,1,91.78,0,dot_product
0.020052076052479308,16688.0,40,1,92.33,0,dot_product
0.015089797788706893,18816.0,24,2,94.6,0,dot_product
0.010516918064339206,20832.0,22,1,92.36,0,dot_product
0.020590203995826024,16592.0,38,1,96.01,0,dot_product
0.018590614026575893,23696.0,24,2,93.46,0,dot_product
0.010478158257787208,22400.0,20,1,94.28,0,dot_product
0.017106359066470723,14832.0,44,1,93.08,0,dot_product
0.01174902687189716,22496.0,28,1,93.29,0,dot_product
0.017028252610260565,23600.0,24,2,93.86,0,dot_product
0.018346300080185347,17392.0,36,1,96.79,0,dot_product
0.019525789792852934,24048.0,20,2,94.88,0,dot_product
0.020266808087104352,15040.0,38,3,93.34,0,dot_product
0.01813968186297611,18960.0,32,2,95.5,0,dot_product
0.018551663735797523,23488.0,28,1,94.6,0,dot_product
0.014925466884583426,17200.0,28,1,94.84,0,dot_product
0.022665927368643257,23888.0,24,1,92.97,0,dot_product
0.013586258710737141,16832.0,40,1,93.72,0,dot_product
0.021069987714409953,17504.0,36,1,93.47,0,dot_product
0.016685197353540043,25648.0,28,2,92.8,0,dot_product
0.013919046471257265,21136.0,26,2,94.5,0,dot_product
0.011879014364726187,19632.0,34,1,95.33,0,dot_product
0.022938235667908587,24224.0,28,1,92.93,0,dot_product
0.012087240016782495,22448.0,24,1,93.39,0,dot_product
0.01149691922254439,20880.0,30,1,93.67,0,dot_product
0.02422374192888287,15984.0,40,2,94.13,0,dot_product
0.021937507540416425,25680.0,20,1,95.12,0,dot_product
0.013655184727942825,32256.0,20,1,94.08,0,dot_product
0.018851945455854165,17104.0,36,2,93.77,0,dot_product
0.0109106346688333,22048.0,28,1,93.88,0,dot_product
0.011746725848687932,20784.0,28,1,95.04,0,dot_product
0.014185408168770201,21072.0,32,2,94.28,0,dot_product
0.013322514308822642,18832.0,32,1,95.1,0,dot_product
0.016436678371379004,19072.0,34,2,94.09,0,dot_product
0.010548647700433072,28704.0,24,1,94.6,0,dot_product
0.01648011301009276,27312.0,20,1,93.28,0,dot_product
0.02017071254732807,15776.0,30,2,93.54,0,dot_product
0.01595759305399594,25504.0,24,1,96.07,0,dot_product
0.021992462765596386,15568.0,44,1,95.79,0,dot_product
0.017894376286989835,17136.0,36,1,93.63,0,dot_product
0.012830989769507896,18640.0,32,2,93.55,0,dot_product
0.017150731769835552,32480.0,20,1,94.92,0,dot_product
0.017393063478201225,27504.0,24,1,95.05,0,dot_product
0.023877795387388854,15808.0,34,2,93.37,0,dot_product
0.02545408471329866,16736.0,28,1,94.02,0,dot_product
0.01593108337631146,17936.0,34,1,92.92,0,dot_product
0.01716035658868816,18960.0,36,1,92.92,0,dot_product
0.016984993809138114,18160.0,28,1,95.17,0,dot_product
0.01593581323360265,25168.0,24,1,94.4,0,dot_product
0.017650713173972748,18080.0,28,1,98.04,0,dot_product
0.013363596055643877,26944.0,24,1,92.28,0,dot_product
0.010892510770994042,19328.0,32,1,95.77,0,dot_product
0.014611668780720085,32416.0,16,1,94.0,0,dot_product
0.013179092334910226,17904.0,32,1,93.84,0,dot_product
0.01821921795815988,15216.0,40,1,90.97,0,dot_product
0.01267456810496246,22912.0,24,1,93.76,0,dot_product
0.02214211814495497,15856.0,38,1,95.5,0,dot_product
0.009593220913948734,31584.0,16,2,94.17,0,dot_product
0.01565510941976764,27584.0,20,1,94.36,0,dot_product
0.010920711648553624,14896.0,36,2,94.8,0,dot_product
0.016271621630617742,27392.0,28,1,94.36,0,linear_regression_inference
0.01248392758753269,21184.0,32,1,94.03,0,linear_regression_inference
0.015395699495451953,32240.0,22,1,96.29,0,linear_regression_inference
0.017848579841024455,20400.0,28,1,93.68,0,linear_regression_inference
0.0228535550905334,24096.0,28,1,95.03,0,linear_regression_inference
0.017245296722220426,32336.0,20,1,91.31,0,linear_regression_inference
0.01720573980702168,18064.0,28,2,94.57,0,linear_regression_inference
0.01758701253218728,27440.0,24,1,93.94,0,linear_regression_inference
0.017264016879373102,17888.0,36,1,96.16,0,linear_regression_inference
0.016075472871554905,18736.0,26,1,93.69,0,linear_regression_inference
0.016533535514138102,29664.0,18,1,92.91,0,linear_regression_inference
0.015608623487173352,32528.0,20,1,95.52,0,linear_regression_inference
0.013904437129091592,17600.0,30,1,95.35,0,linear_regression_inference
0.013633443968166384,20784.0,24,2,94.72,0,linear_regression_inference
0.009671796215799784,22272.0,26,2,93.25,0,linear_regression_inference
0.021655722508872995,17424.0,40,1,92.89,0,linear_regression_inference
0.019442870421980948,25600.0,20,1,94.0,0,linear_regression_inference
0.012256337312526603,20704.0,22,2,96.27,0,linear_regression_inference
0.02285184971527421,26208.0,24,2,94.21,0,linear_regression_inference
0.012156072825927794,20720.0,28,3,93.45,0,linear_regression_inference
0.014052482965124834,35856.0,16,1,92.46,0,linear_regression_inference
0.02230310582222524,23968.0,26,2,94.89,0,linear_regression_inference
0.011289116318806759,31536.0,16,1,92.67,0,linear_regression_inference
0.014485540208978695,25248.0,28,1,93.41,0,linear_regression_inference
0.015381374048928047,20384.0,28,1,93.86,0,linear_regression_inference
0.0186487425155822,25392.0,20,1,95.3,0,linear_regression_inference
0.018109554715519085,19008.0,32,1,92.26,0,linear_regression_inference
0.013421535033141054,19600.0,32,1,94.73,0,linear_regression_inference
0.01360799851490384,19536.0,26,1,91.99,0,linear_regression_inference
0.013601298476476724,35488.0,20,1,96.76,0,linear_regression_inference
0.013691059196600752,20032.0,32,1,94.57,0,linear_regression_inference
0.014381347215964142,18752.0,36,1,91.9,0,linear_regression_inference
0.012949361310922312,29472.0,24,1,95.69,0,linear_regression_inference
0.010658452918043316,35408.0,16,1,94.2,0,linear_regression_inference
0.01608397980361516,19088.0,32,3,95.02,0,linear_regression_inference
0.015134245763945543,18896.0,32,2,93.09,0,linear_regression_inference
0.019107714851386473,17952.0,36,2,93.88,0,linear_regression_inference
0.014935963892565055,17840.0,32,1,95.2,0,linear_regression_inference
0.011180932658939255,29088.0,20,1,94.35,0,linear_regression_inference
0.015289941975654794,27264.0,24,1,95.79,0,linear_regression_inference
0.012191540019536906,29328.0,18,1,94.57,0,linear_regression_inference
0.014808138593855059,32480.0,16,1,95.59,0,linear_regression_inference
0.013090195665767256,19952.0,28,1,94.56,0,linear_regression_inference
0.01437001639539397,25008.0,22,1,93.11,0,linear_regression_inference
0.014209796217317055,25120.0,28,2,94.68,0,linear_regression_inference
0.015796321703463543,21152.0,26,1,92.85,0,linear_regression_inference
0.01318049182866889,21200.0,28,1,97.43,0,linear_regression_inference
0.015107992751649086,29664.0,22,2,92.04,0,linear_regression_inference
0.012306067498644909,20928.0,32,1,95.5,0,linear_regression_inference
0.013709723263563903,32336.0,14,2,95.6,0,linear_regression_inference
0.017212494983997358,18960.0,36,1,94.94,0,linear_regression_inference
0.01651106046487117,21584.0,32,1,92.2,0,linear_regression_inference
0.011790790681086608,28992.0,22,2,94.62,0,linear_regression_inference
0.01747896784165625,19936.0,32,1,96.06,0,linear_regression_inference
0.017707633346486455,18928.0,36,2,93.42,0,linear_regression_inference
0.01897198398323686,27200.0,24,1,94.43,0,linear_regression_inference
0.01846717366505222,17216.0,34,1,93.26,0,linear_regression_inference
0.014781781747574198,21200.0,32,1,94.94,0,linear_regression_inference
0.012926829171667936,21168.0,28,1,93.53,0,linear_regression_inference
0.01827950128668383,18464.0,34,1,95.34,0,linear_regression_inference
0.012146697727186026,35328.0,20,1,96.08,0,linear_regression_inference
0.019554177042428653,18944.0,32,2,94.21,0,linear_regression_inference
0.011151818743577437,29312.0,22,2,94.46,0,linear_regression_inference
0.02431737416590154,24224.0,24,1,94.58,0,linear_regression_inference
0.015701125311116726,21520.0,30,2,95.9,0,linear_regression_inference
0.017064601021685832,20160.0,26,2,94.0,0,linear_regression_inference
0.015678781448856708,27760.0,18,1,95.34,0,linear_regression_inference
0.015718749503047184,21472.0,34,2,93.79,0,linear_regression_inference
0.015727648236150867,25152.0,24,1,92.89,0,linear_regression_inference
0.015289601381904952,16960.0,32,2,94.84,0,linear_regression_inference
0.020257030828938847,25536.0,20,1,94.78,0,linear_regression_inference
0.010089495544244024,35024.0,16,1,91.84,0,linear_regression_inference
0.01804138257585992,18208.0,28,1,93.22,0,linear_regression_inference
0.015648054201186055,18224.0,40,2,92.1,0,linear_regression_inference
0.018341964048758007,25280.0,24,1,93.09,0,linear_regression_inference
0.021171005848640824,23568.0,26,1,94.39,0,linear_regression_inference
0.0142788694889397,17680.0,28,1,94.7,0,linear_regression_inference
0.013398957524115993,22496.0,28,1,92.99,0,linear_regression_inference
0.012104663267244435,35152.0,20,1,94.08,0,linear_regression_inference
0.016569810083644172,32288.0,20,1,95.09,0,linear_regression_inference
0.013180721590712208,35392.0,20,1,95.41,0,linear_regression_inference
0.020423169047593857,17312.0,36,2,92.74,0,linear_regression_inference
0.014213065535633035,21280.0,34,1,91.69,0,linear_regression_inference
0.015297495553696656,20192.0,36,2,96.45,0,linear_regression_inference
0.013416009996961444,35728.0,18,1,93.83,0,linear_regression_inference
0.014655523643219875,32272.0,20,1,94.81,0,linear_regression_inference
0.011573569633196317,35264.0,16,1,93.52,0,linear_regression_inference
0.021284790614236788,25792.0,24,2,92.79,0,linear_regression_inference
0.017467664541127432,33104.0,18,2,93.65,0,linear_regression_inference
0.011075179931907968,35328.0,14,1,93.41,0,linear_regression_inference
0.014603644359446505,29552.0,16,1,94.34,0,linear_regression_inference
0.014892773318992554,32736.0,16,1,95.0,0,linear_regression_inference
0.01282091286819371,31888.0,18,1,94.47,0,linear_regression_inference
0.016166589962946617,20016.0,28,1,93.5,0,linear_regression_inference
0.008942683309907327,22112.0,20,1,93.82,0,linear_regression_inference
0.0191248221834318,27664.0,22,1,92.41,0,linear_regression_inference
0.021761583177681773,18384.0,30,1,94.68,0,linear_regression_inference
0.012491932174807334,20928.0,30,2,93.37,0,linear_regression_inference
0.014783120969662921,20128.0,36,2,95.8,0,linear_regression_inference
0.014407010793463942,29520.0,22,1,93.73,0,linear_regression_inference
0.020037845900435412,27136.0,52,1,87.18,0,logistic_regression_approx
0.023549619177752265,18384.0,78,2,86.88,0,logistic_regression_approx
0.014310418375318,32096.0,46,2,89.38,0,logistic_regression_approx
0.02251448618086089,18080.0,80,2,90.03,0,logistic_regression_approx
0.016542816434255255,35648.0,46,2,87.43,0,logistic_regression_approx
0.0154498885130684,21120.0,72,2,87.24,0,logistic_regression_approx
0.020553654188559544,29728.0,54,2,87.81,0,logistic_regression_approx
0.016630948764447546,20992.0,70,1,87.54,0,logistic_regression_approx
0.016451040681525808,31936.0,48,2,87.03,0,logistic_regression_approx
0.022404883039288802,25536.0,58,2,88.06,0,logistic_regression_approx
0.016311242839232586,22480.0,64,2,89.52,0,logistic_regression_approx
0.026845073767393052,23760.0,64,2,87.22,0,logistic_regression_approx
0.016795312696187007,35424.0,40,3,84.66,0,logistic_regression_approx
0.01882760502655869,17952.0,84,2,87.31,0,logistic_regression_approx
0.015623504025170865,32208.0,44,1,89.03,0,logistic_regression_approx
0.022542167024542682,18160.0,76,3,85.04,0,logistic_regression_approx
0.02082041957851049,35968.0,40,2,89.72,0,logistic_regression_approx
0.01834405259819949,29552.0,52,2,90.05,0,logistic_regression_approx
0.01758166810439944,29632.0,52,2,89.98,0,logistic_regression_approx
0.019879285612712058,16976.0,84,2,85.24,0,logistic_regression_approx
0.02538095407152115,18320.0,86,2,87.88,0,logistic_regression_approx
0.02477509107777118,25904.0,52,2,88.16,0,logistic_regression_approx
0.018483270117878033,25344.0,60,2,86.87,0,logistic_regression_approx
0.01802536859403536,18752.0,76,3,91.67,0,logistic_regression_approx
0.02164686592793541,27504.0,60,3,87.47,0,logistic_regression_approx
0.018199581189322443,19680.0,72,2,90.94,0,logistic_regression_approx
0.02024826108288306,19712.0,74,2,87.68,0,logistic_regression_approx
0.023456938217853503,18336.0,84,3,86.57,0,logistic_regression_approx
0.022708079578530143,18896.0,82,3,89.89,0,logistic_regression_approx
0.018636257714679128,21072.0,66,2,87.38,0,logistic_regression_approx
0.012689304332356603,22240.0,72,2,87.86,0,logistic_regression_approx
0.018413202343735578,25168.0,60,3,89.7,0,logistic_regression_approx
0.02413037314114252,26000.0,56,3,87.04,0,logistic_regression_approx
0.025084827209281596,18416.0,84,2,85.12,0,logistic_regression_approx
0.02016208579618416,27424.0,56,2,86.44,0,logistic_regression_approx
0.021271123803899596,27920.0,52,3,90.1,0,logistic_regression_approx
0.01660460368121174,32160.0,52,2,88.48,0,logistic_regression_approx
0.022223459655662442,17104.0,84,1,88.36,0,logistic_regression_approx
0.013270951563570967,22304.0,62,3,86.76,0,logistic_regression_approx
0.026664987885213026,17248.0,80,2,89.75,0,logistic_regression_approx
0.02061643823426345,18016.0,72,2,86.56,0,logistic_regression_approx
0.01731589648610158,27056.0,58,2,88.49,0,logistic_regression_approx
0.021916136949910292,23728.0,60,2,87.88,0,logistic_regression_approx
0.016206236562095983,22896.0,72,2,88.5,0,logistic_regression_approx
0.02217547373895835,16992.0,86,1,90.3,0,logistic_regression_approx
0.01982098859774645,23744.0,64,1,87.86,0,logistic_regression_approx
0.01834218371797451,36224.0,44,2,88.59,0,logistic_regression_approx
0.019850632274323578,17952.0,78,2,89.03,0,logistic_regression_approx
0.01273455979605458,22160.0,64,2,86.29,0,logistic_regression_approx
0.018877007043206846,29680.0,48,1,85.81,0,logistic_regression_approx
0.015187742819974585,20848.0,66,3,87.92,0,logistic_regression_approx
0.022622113607606402,24000.0,68,2,88.09,0,logistic_regression_approx
0.019590235313247308,19920.0,72,4,87.4,0,logistic_regression_approx
0.021511352530171918,32432.0,48,3,88.27,0,logistic_regression_approx
0.02364888874869955,17376.0,80,2,87.02,0,logistic_regression_approx
0.01579735654355994,19872.0,72,2,89.67,0,logistic_regression_approx
0.022644563761083383,17536.0,88,1,88.43,0,logistic_regression_approx
0.015729075205306003,22128.0,64,2,89.25,0,logistic_regression_approx
0.01965608561610017,18864.0,72,2,90.35,0,logistic_regression_approx
0.02413155094190162,25408.0,56,1,89.01,0,logistic_regression_approx
0.019047229819371805,21072.0,74,1,86.82,0,logistic_regression_approx
0.014169038023863066,22176.0,72,2,86.62,0,logistic_regression_approx
0.01622098320139426,35232.0,44,1,89.31,0,logistic_regression_approx
0.023323458970181933,19360.0,76,3,85.12,0,logistic_regression_approx
0.019554734215472082,20032.0,76,2,89.8,0,logistic_regression_approx
0.016500923990239467,17920.0,76,3,88.42,0,logistic_regression_approx
0.0189531782360685,22976.0,68,2,89.77,0,logistic_regression_approx
0.014508143438662847,20848.0,70,2,87.24,0,logistic_regression_approx
0.029171153848122564,17120.0,80,3,89.25,0,logistic_regression_approx
0.0182723560155761,25216.0,60,2,86.86,0,logistic_regression_approx
0.01649734862317608,29616.0,48,2,86.7,0,logistic_regression_approx
0.018068227498922368,29504.0,48,2,88.71,0,logistic_regression_approx
0.019728319136992134,16880.0,80,4,88.88,0,logistic_regression_approx
0.023137373523797623,17232.0,80,2,88.66,0,logistic_regression_approx
0.018503660043987083,19792.0,76,2,86.86,0,logistic_regression_approx
0.016241567372331026,29536.0,52,2,88.75,0,logistic_regression_approx
0.020237090623843032,20192.0,72,2,88.49,0,logistic_regression_approx
0.013002260530038785,22240.0,72,1,89.16,0,logistic_regression_approx
0.01720364503483546,20992.0,66,2,88.14,0,logistic_regression_approx
0.017577271519922506,29696.0,52,1,87.16,0,logistic_regression_approx
0.01855262038391227,36032.0,40,2,89.32,0,logistic_regression_approx
0.015028582269752504,19648.0,74,1,88.1,0,logistic_regression_approx
0.019899243885851396,18832.0,76,3,86.95,0,logistic_regression_approx
0.021558767037043892,23504.0,64,2,89.45,0,logistic_regression_approx
0.015265847599794371,29184.0,56,2,86.19,0,logistic_regression_approx
0.015670297096117596,20912.0,68,3,86.91,0,logistic_regression_approx
0.024552346689171126,25712.0,60,2,87.51,0,logistic_regression_approx
0.026263764213317626,24272.0,60,2,88.28,0,logistic_regression_approx
0.022878143125594358,17728.0,80,2,88.78,0,logistic_regression_approx
0.018059774361323666,32176.0,48,1,85.89,0,logistic_regression_approx
0.012934657184445812,20752.0,72,1,88.44,0,logistic_regression_approx
0.026196674181396512,25536.0,60,2,87.53,0,logistic_regression_approx
0.019537907482992667,27056.0,56,3,87.51,0,logistic_regression_approx
0.017117368295525764,20992.0,64,2,87.16,0,logistic_regression_approx
0.017534782602666683,21280.0,70,2,89.26,0,logistic_regression_approx
0.01669064476611736,21264.0,68,1,87.37,0,logistic_regression_approx
0.01719273895252351,35648.0,42,2,90.73,0,logistic_regression_approx
0.02101253262852071,20208.0,68,2,89.69,0,logistic_regression_approx
0.013990806620485354,20816.0,72,3,86.72,0,logistic_regression_approx
0.02396930237898123,18096.0,88,1,87.7,0,logistic_regression_approx
0.02572607518111944,16826.397488460894,31,1,92.36596941831678,1,mean
0.02030127836331763,18257.484684956693,32,1,78.39550839568294,1,mean
0.016714327917955654,30099.06925524972,13,1,87.88260383665298,1,mean
0.015418616055764112,31802.228439911734,13,1,97.34889011814022,1,mean
0.011596782858704913,20566.54065864837,21,1,110.61872844995762,1,mean
0.0200907434452387,24802.601236216135,23,2,73.8158315613084,1,mean
0.029230521165297157,16037.10437635364,29,1,103.59078437096846,1,mean
0.020894886202163968,15262.288877639567,32,1,84.07058547739601,1,mean
0.011966607766886959,21470.367754045506,28,1,97.76981916279495,1,mean
0.028262073224909874,14148.66330833848,33,1,93.15927760889059,1,mean
0.016550248664945765,19076.957982236632,22,1,101.34794550712027,1,mean
0.026443139498345473,13469.448627600137,29,1,98.51421307006346,1,mean
0.01665007387515155,30261.678853925416,18,1,93.45208399306064,1,mean
0.021020296892331942,28888.151969395167,17,1,95.15600878702745,1,mean
0.022633687650457583,18070.624046096786,28,1,106.55065780583794,1,mean
0.01970819260291523,25926.123349036992,20,1,116.16715597731367,1,mean
0.023338657447444764,15200.252732636713,32,1,100.753134838362,1,mean
0.013388971767378228,20556.4131528376,26,1,88.62415575019189,1,mean
0.025424904579653435,20675.603825835176,22,1,112.17044919270717,1,mean
0.018824265274445823,19530.235591999746,23,1,107.55295465644663,1,mean
0.016042514440557633,25807.48542990112,19,1,103.43402065434309,1,mean
0.03358459708908502,17225.748128020594,32,1,105.61662388801248,1,mean
0.022586600689123257,20871.674373919308,18,1,101.25873678861522,1,mean
0.0113852243820364,23452.877552150232,26,1,101.54598007654809,1,mean
0.01313090423985751,33444.92406470905,16,1,103.00179572488608,1,mean
0.015063582864005717,18153.377473299402,24,1,106.67910331631793,1,mean
0.015109212633521534,25039.310359506115,16,1,87.65496717660044,1,mean
0.024217089456546194,16095.608661950986,35,1,92.17848190475303,1,mean
0.02200705888265122,14899.708868984138,24,1,101.42706991992524,1,mean
0.02121086152001941,15939.146152048696,31,1,89.4999392526985,1,mean
0.02549876774029056,14545.978860170912,28,1,90.14741774225753,1,mean
0.021632326578411642,28102.8397107697,18,1,95.01101759815369,1,mean
0.013466328912608053,21621.08014249711,22,1,102.91232240270224,1,mean
0.019707570138409153,17092.974162839255,24,1,100.10271816042345,1,mean
0.012736415713527556,20249.02475934905,26,1,102.71511732331065,1,mean
0.013504447368332827,19150.463736698857,21,1,107.35390230012439,1,mean
0.026446917039436343,15910.514866683836,27,1,81.93606143091382,1,mean
0.010473481795166432,31911.62186606225,15,1,103.27363466450373,1,mean
0.015448081036447835,14001.369701165078,28,1,95.5225032848461,1,mean
0.026939983076717963,16552.777949292602,30,1,114.24205522639711,1,mean
0.021119147025454532,17364.745872339467,22,1,98.70612309274787,1,mean
0.01993776374185063,23697.29700427242,17,1,92.615858515551,1,mean
0.015098252312564337,29493.103650204153,19,1,78.93014275815372,1,mean
0.022057700946231728,17468.861163733927,28,1,84.70908495951961,1,mean
0.02187220195194794,17624.01661733982,27,2,88.10894983340191,1,mean
0.016382270573556994,30476.96311165457,20,1,103.76031858083417,1,mean
0.015190387191528546,20474.1290302099,21,1,100.733514031398,1,mean
0.01888473556543704,15719.723501066695,26,1,87.69056268215279,1,mean
0.015531920079507577,32417.779233669175,16,1,95.00975734762979,1,mean
0.019808720507218745,16640.126018825813,26,1,84.0656917631442,1,mean
0.015170951427074917,19240.847875863292,20,1,100.59707502379462,1,mean
0.017685676015837645,16652.541343087694,29,1,108.03113299945699,1,mean
0.02122897905853216,14583.07585637032,31,1,107.90794637322655,1,mean
0.025908036925283852,15106.897380258393,34,1,93.09790852838579,1,mean
0.015721815272774605,14987.67392093583,27,1,89.30892881774244,1,mean
0.017769506543529563,28741.781426618534,16,1,103.184767868645,1,mean
0.0256636236199955,21956.355257911942,17,1,100.49667384568538,1,mean
0.010548819615801612,22491.50932256605,21,1,100.89480757545928,1,mean
0.013636150391313504,22086.200104274794,20,1,99.015883033027,1,mean
0.024820228446561846,15032.774490327929,30,1,92.81402624028009,1,mean
0.01807535553715475,14345.511576240635,33,1,97.06007489829481,1,mean
0.01928221269614954,22955.46769741187,24,1,99.30678396729802,1,mean
0.0238191650747058,21077.63851588659,21,1,94.830024862497,1,mean
0.020096259931469344,18082.771719414977,23,1,88.57799290446943,1,mean
0.020701843259745036,27483.516506914184,17,1,85.73611023665507,1,mean
0.018623076199972274,22863.540015128336,19,1,102.54104044211564,1,mean
0.025368447899915277,25235.840080864255,19,1,106.0986641755239,1,mean
0.019042012366046503,26480.2175106034,19,1,105.98725834005973,1,mean
0.019431666202413125,24874.425600348186,19,1,93.27696184861937,1,mean
0.011179087684798226,19975.82462707174,20,1,99.43402177956482,1,mean
0.019059115652301405,32086.87529669751,19,1,98.34722764965402,1,mean
0.010946990767693522,21145.955670139818,23,1,109.69008246605057,1,mean
0.022358534989941326,15576.195625950984,30,1,74.58848990904877,1,mean
0.021837467068641103,14329.36029083789,32,1,88.18771302756547,1,mean
0.009832967531432245,18262.570775266006,19,1,102.92796507686788,1,mean
0.022856601656350183,17053.928431419852,28,1,94.72978066656069,1,mean
0.027089568762019782,19124.842985438845,28,1,102.5075777780765,1,mean
0.023569433218098557,14990.277155272395,29,1,94.30943991807025,1,mean
0.014563399148074906,19853.75079664284,24,1,99.02354783217083,1,mean
0.023489340783372982,23876.714337265432,22,1,99.58898840963154,1,mean
0.030873156606565297,16084.508596338217,30,1,89.08597847863143,1,mean
0.021197411719208928,15032.436719133893,33,1,103.5518028680105,1,mean
0.017595331607506065,19957.496444179335,27,1,102.18609511586678,1,mean
0.02246532212369623,16722.163846103496,31,1,102.37920089944247,1,mean
0.02322860451142568,15800.102373365024,34,1,90.5044251651989,1,mean
0.01826858235618489,14683.490168040493,30,1,85.26543768251597,1,mean
0.011774751439934117,21481.58839787392,24,1,86.56551688876982,1,mean
0.01583167252775745,31284.498497438697,19,1,91.95579360659852,1,mean
0.010976031835558613,20809.98355591938,19,1,105.3012881129929,1,mean
0.019837035075114518,18823.78123150035,29,1,78.9261277530531,1,mean
0.01890811015753425,15932.087379077502,30,1,106.21411135135735,1,mean
0.020870036003092344,15117.87202897072,28,1,101.72411775714556,1,mean
0.019904379066182948,15965.130155180042,31,1,82.48137796058225,1,mean
0.015058122084602927,22747.30375118155,18,1,96.72341334350507,1,mean
0.020176828864932012,15084.93503872516,30,1,84.53533830517284,1,mean
0.02497964521274305,14483.296624064138,32,1,96.04204674579682,1,mean
0.0237615831335135,18213.049991807693,26,1,102.41022415253639,1,mean
0.024302220042077362,17169.601600067905,25,1,89.13278636822625,1,mean
0.011866670244771688,18535.11207777861,24,1,87.0773682750751,1,mean
0.02165925061906398,22785.565487764477,16,1,100.95865500128909,1,mean
0.026143185820166347,21240.706859281254,59,1,90.59138764769591,1,variance
0.044856999964985066,25801.277627403288,58,2,93.60323769280043,1,variance
0.03656054004015571,24528.49355731121,51,1,97.63758440974311,1,variance
0.04491451291822506,19439.83220036008,69,1,79.97783238574816,1,variance
0.04199301417704479,17097.347660358453,69,1,104.90180534623472,1,variance
0.03638181550154137,27422.89216076499,49,3,73.65758523007364,1,variance
0.04338442659155602,22757.808115515938,55,1,98.15013773370258,1,variance
0.03762046148227333,14496.874185262648,82,1,109.56202570983845,1,variance
0.02846417653173173,19252.69345695503,75,1,94.06786185861127,1,variance
0.03817463012464838,23178.781769940608,47,2,109.22228687217765,1,variance
0.02733609457655406,18481.02280279714,72,1,87.40551431550614,1,variance
0.05276717114597014,16676.559064723766,97,1,90.67468147168529,1,variance
0.032077908786650504,26215.40284723271,46,1,98.62240191040111,1,variance
0.04339713944530452,14613.485647963545,91,1,99.95191677011363,1,variance
0.04595926649428326,15370.833005152526,91,1,100.55911968516564,1,variance
0.02979959672048955,19058.68680684314,63,2,100.80555568137711,1,variance
0.030487944722968396,33883.693537411746,43,1,99.68070985501602,1,variance
0.053762896807778675,30096.000672947648,51,2,97.92960247993636,1,variance
0.03444774560181866,27710.813137417503,41,1,93.83013470133012,1,variance
0.03119698754523446,31391.481829019584,44,1,100.93058876324592,1,variance
0.04389185947665614,15732.639913447128,66,1,84.30288847262915,1,variance
0.042920690242273137,15429.715580132739,74,2,92.72799409411613,1,variance
0.029935411133260682,26987.19541655173,52,1,83.08291005766094,1,variance
0.024676098601954615,22310.221709926074,59,2,93.28412380087676,1,variance
0.03642167404344003,34294.06216044298,41,1,107.43304069627148,1,variance
0.044748852757995,21929.48957934719,65,1,102.21560926006946,1,variance
0.02990183193515499,34685.18918306319,43,1,92.19352989554898,1,variance
0.024211414496787643,24790.387795582592,52,1,96.6699199583143,1,variance
0.030992473908253684,30710.9641874865,35,1,92.94474551879308,1,variance
0.027074743171037394,21269.03784662398,49,1,91.37875460855781,1,variance
0.030519184757897586,19443.124214211024,74,1,98.07336859278466,1,variance
0.054305418959205945,15636.772120405352,79,1,87.1349829735542,1,variance
0.05148571103354645,16127.134977021173,66,1,75.17149575211054,1,variance
0.023106243379446566,19615.317818608484,56,2,97.09729543418683,1,variance
0.034415634063103,18812.359189367668,63,1,89.53269217486546,1,variance
0.03834696524616992,22288.25948040439,57,1,87.84472699829175,1,variance
0.04339282696129309,16563.83219663353,71,1,83.62934998526107,1,variance
0.03639702302998175,37608.63462182385,38,1,92.17351148064729,1,variance
0.03851292817601523,28125.079432417217,45,1,74.12484518609627,1,variance
0.042407597312373604,13642.965227690733,75,2,103.5208644343402,1,variance
0.029539055200369157,17134.881737835825,76,2,81.43855287518541,1,variance
0.028791341478980905,23090.015739951396,53,1,67.15138671856948,1,variance
0.037009304959245405,30838.664208999275,45,1,100.9632740057003,1,variance
0.03968253338842454,26486.648527488745,48,2,96.74213596768834,1,variance
0.04226784007579658,28158.77428524297,47,2,94.51200597073071,1,variance
0.025275068724019547,25284.19507363704,61,2,91.6008352756752,1,variance
0.023946093556076485,22449.202843074803,63,1,93.0627621581462,1,variance
0.03926081122086547,20051.260252405704,59,2,101.07712945287322,1,variance
0.025666137533603257,22233.389021136223,68,1,78.65283691177036,1,variance
0.03373942170852366,20490.652675561978,65,1,97.92093533965834,1,variance
0.04780167975812468,15685.627142047599,93,1,100.8288740719782,1,variance
0.02582652320322017,34551.70818414727,47,2,86.16608158773435,1,variance
0.0517304743628761,17286.935135474938,61,2,92.16153737960649,1,variance
0.05299626266471083,16041.997062685388,89,1,90.16026689885385,1,variance
0.03520855155558141,16594.200284130875,66,1,87.92067053161419,1,variance
0.06026175086128613,17339.340174930123,84,2,108.54191049051074,1,variance
0.03448162216072615,20466.693903012907,56,1,74.04625244565348,1,variance
0.047701062340787706,14779.82595145386,73,1,88.63061237119877,1,variance
0.03563377190097287,13528.5551224813,84,2,85.38869331955479,1,variance
0.03317290437367313,20833.2621232517,55,1,80.72447514664928,1,variance
0.04028400956434474,14345.01243330803,85,1,87.02845973343497,1,variance
0.03769516661983938,16871.51878604747,86,1,97.83004734245117,1,variance
0.047827456785506824,16144.689033560895,89,1,81.29056297924701,1,variance
0.03369782072319728,30940.12901489092,36,1,91.14985277786455,1,variance
0.040426382144361256,20007.02589239573,69,1,75.04825379557323,1,variance
0.03491997677256643,34735.34523507904,43,1,99.05610756415149,1,variance
0.05159802170065026,17317.10241876566,70,1,100.56814757812819,1,variance
0.03809337848864983,16201.161247841908,71,1,108.35058150550778,1,variance
0.04692591397292514,21909.28782561166,47,2,83.99652808948385,1,variance
0.03894132890326549,30759.412010452616,39,1,96.62573498290347,1,variance
0.060327055441637564,24807.71223775628,60,1,98.83941519895336,1,variance
0.028421136164917128,22461.64002840318,55,2,85.15522219150876,1,variance
0.04112290617345936,33730.426799846085,38,1,85.39236343822732,1,variance
0.05716649698780492,14529.8336299816,86,1,87.66593221228045,1,variance
0.027433671451394952,18568.22558319696,64,1,96.97222493460647,1,variance
0.04755591183680572,30262.90458136104,44,1,91.99933823927849,1,variance
0.0382357192663759,30980.925693745437,45,1,84.09319642972342,1,variance
0.04837605902385575,17856.891602880656,80,1,86.81068999898655,1,variance
0.033843561459344786,17219.216817763736,69,3,81.45132805201736,1,variance
0.045020345495672034,19389.482840588924,67,1,87.74490834543089,1,variance
0.04177635034393568,34523.53818025542,39,1,85.72493912455982,1,variance
0.03668328944944661,20064.698435105005,46,1,100.74739744854662,1,variance
0.04659321302666624,16052.605988271926,95,2,100.75106671286956,1,variance
0.04559282956258409,32490.170784913746,39,1,83.03925647170472,1,variance
0.04912203099782827,21090.090163673824,57,1,97.66975220106123,1,variance
0.04069031013421324,25033.96022528586,47,1,102.82698807553409,1,variance
0.03875011660341983,17079.55362805834,65,2,93.83391189088387,1,variance
0.028541569410291994,19502.99442370374,60,2,84.14071543937933,1,variance
0.034045073681908344,18628.758867140692,66,1,103.1378735602158,1,variance
0.05342972035175048,23197.80256571765,54,1,88.61082537293301,1,variance
0.05352759538101182,17355.856770325707,79,1,85.32247871829438,1,variance
0.02993850048629105,23552.60706564726,52,1,89.924942706353,1,variance
0.02890270877466366,19593.240429897483,55,2,94.671925054602,1,variance
0.049870114917275346,15874.465349269107,76,2,98.96800892168427,1,variance
0.042122864944525634,22896.43105041392,59,3,97.47943163997863,1,variance
0.03384830677916482,25801.933704759962,47,1,91.85691828469035,1,variance
0.03059469203176598,26555.771835824766,45,1,86.09170749780606,1,variance
0.04010652625898533,15729.94429924772,68,1,85.33266119130161,1,variance
0.021525735472526883,27714.133968003625,39,1,100.15008678911282,1,variance
0.03899534592936162,16889.320712767883,76,1,89.46488766387463,1,variance
0.015380865958278681,27095.95592686418,21,1,97.25868168868261,1,dot_product
0.012052967594190977,21844.439773108905,24,2,102.42435257918048,1,dot_product
0.014562403307513199,30636.700323286,16,1,90.5713318363674,1,dot_product
0.01144006401921129,22729.291672382384,28,1,94.99841830599578,1,dot_product
0.016985136762387568,18260.132901613666,33,1,84.72048840345789,1,dot_product
0.019230519780712534,17390.70419210523,30,1,92.4041393602367,1,dot_product
0.009366249948466509,24260.38304083153,30,1,74.67500738382212,1,dot_product
0.017224558759791127,18352.97872127363,37,1,84.26087444273792,1,dot_product
0.013847091925756517,25644.487402402145,19,2,100.22531454578738,1,dot_product
0.02036230992750135,19581.818531275956,30,1,94.3421589356377,1,dot_product
0.01766764075512564,14686.55028906196,39,2,84.41355630717372,1,dot_product
0.021698307633089747,23489.200359165305,22,2,99.22201014965886,1,dot_product
0.014200456331547713,17516.121612146108,33,1,102.53678275217923,1,dot_product
0.01926986422861083,25111.225733616055,24,1,85.47102051983317,1,dot_product
0.014325623306148305,27296.533472615967,21,1,82.93233934395039,1,dot_product
0.01804939644873574,17447.7348883097,37,1,84.20717510020373,1,dot_product
0.01853390588115066,31112.265946576008,20,1,86.53148796048208,1,dot_product
0.01504032795838766,30993.65292011973,19,1,90.01419539138202,1,dot_product
0.016560489077382095,21384.00825106128,26,1,103.0658589861198,1,dot_product
0.02516191193691651,15521.892422512263,36,1,93.94417087514822,1,dot_product
0.013262259267247934,21171.454260406972,25,1,85.95151330436903,1,dot_product
0.015875318648617548,18300.477335452604,43,1,95.94148831631254,1,dot_product
0.015019728549066712,26631.562872958486,22,1,103.93116820292654,1,dot_product
0.012595460273539815,16073.898439909504,31,1,86.89921688827476,1,dot_product
0.020665907003520834,17396.352512379955,43,1,96.56953596213648,1,dot_product
0.016587786859943204,17817.011897594457,26,1,90.36367347533495,1,dot_product
0.017314733777507578,20747.889856521535,40,1,105.35686228661585,1,dot_product
0.022863284099721902,16980.041897545572,32,1,109.66289279911138,1,dot_product
0.01190193864487143,19948.72748648841,27,1,93.39887625830009,1,dot_product
0.015460269560520271,19523.73904352613,27,2,93.67614775388374,1,dot_product
0.020680237107571532,20902.496191885435,27,1,90.6943975783029,1,dot_product
0.013908517511243796,18203.908951212885,28,2,89.13826366213087,1,dot_product
0.009901641356867568,32403.082777526084,16,1,101.30622339119941,1,dot_product
0.017245775933782286,19966.160085600208,33,2,90.73984793919662,1,dot_product
0.009081777359031127,32611.82196052964,23,1,92.69076797752987,1,dot_product
0.012718449990580357,23194.896183910096,31,1,99.0003852453347,1,dot_product
0.01867375446801064,18559.265707097453,37,2,82.45810768133877,1,dot_product
0.012900475551320777,17898.41184989101,28,1,92.21725216330707,1,dot_product
0.010981970499485587,22744.06288635628,27,2,95.54860484720983,1,dot_product
0.021680078944266427,15442.904925018578,35,1,84.61153273818118,1,dot_product
0.016947499236374067,19573.201224764434,39,2,97.00698415202731,1,dot_product
0.0177224478564435,25252.15967635089,22,1,91.36676989476476,1,dot_product
0.016028358964888224,23580.60292955885,28,1,93.72014853861268,1,dot_product
0.012622219808917385,27956.7326660061,24,2,87.08134363538956,1,dot_product
0.01683142512554494,16676.442935479503,23,1,95.0252102870365,1,dot_product
0.015553564165720464,17159.739411279937,27,1,87.94331797450576,1,dot_product
0.013131277388486158,24481.310781160853,27,1,92.63100770392577,1,dot_product
0.01842841297725215,33661.316940714525,17,2,97.70330289468964,1,dot_product
0.015169709734153542,19404.175860153322,28,2,98.93401998959826,1,dot_product
0.01596636421804621,13349.64795728848,45,1,93.80970069175714,1,dot_product
0.019385344337554566,17257.44958517003,43,1,92.47557616508098,1,dot_product
0.013651560782474198,18822.518560204586,38,1,93.93614576413157,1,dot_product
0.017551162491843075,14213.191351709309,33,2,82.27488427810424,1,dot_product
0.013869700294815933,21945.31646795119,31,2,82.5078917899901,1,dot_product
0.012063239858981624,21110.95558916991,31,1,102.71116330369321,1,dot_product
0.019435406833978763,17009.953634942747,33,1,105.5700141318499,1,dot_product
0.018206185692264516,15608.881693454348,38,1,90.54835227341155,1,dot_product
0.015828010633647572,14426.689327450162,28,1,91.66740658719401,1,dot_product
0.01687298646686391,28490.345676180663,20,1,92.31142746234869,1,dot_product
0.013950482370951936,31301.465428377098,21,1,106.77770497700641,1,dot_product
0.013286729005408891,16022.210734762546,43,1,85.80848389826336,1,dot_product
0.0128341073571622,14475.721048413274,40,1,88.63952694099265,1,dot_product
0.024419474271401585,19811.918688524707,23,1,102.96215539824236,1,dot_product
0.013904198756644224,29336.34281160215,21,1,95.82805019076021,1,dot_product
0.025017698903167754,15372.656851338845,41,1,86.86436878849763,1,dot_product
0.010102326650929238,25953.50236642035,28,1,88.01318383694249,1,dot_product
0.015098433559087406,33795.74583993676,16,1,102.39871266209826,1,dot_product
0.01452748427660899,17437.608327933838,23,1,102.03052135530228,1,dot_product
0.01346724234374155,18997.875809058412,33,1,90.98336572762118,1,dot_product
0.014001024100728404,31750.049803120008,18,1,95.15505859208935,1,dot_product
0.01841104629769899,26003.108168287636,21,1,94.47908336753945,1,dot_product
0.017834839808158764,27881.146034751575,15,1,97.8264120685132,1,dot_product
0.018703636801131455,25012.973557506033,19,1,109.29610438738129,1,dot_product
0.019373497378098806,30826.91785133811,21,1,96.59185530257122,1,dot_product
0.016232671087073478,15335.621072422142,52,1,94.20169569357886,1,dot_product
0.02784677710165311,16310.249765595603,34,1,97.17349910468846,1,dot_product
0.022431195242008702,15859.01828872657,40,1,93.45266305526087,1,dot_product
0.013056750242201352,23096.364189453478,24,3,94.93799748803148,1,dot_product
0.010319936183534347,15033.050249167813,38,1,90.88154395405596,1,dot_product
0.0243446112283292,13680.682423846796,43,1,87.64187947519301,1,dot_product
0.021771507270256344,14401.737158822041,32,1,95.23279952866588,1,dot_product
0.019019940473733718,13145.261462120461,37,1,105.32326676204795,1,dot_product
0.008867771255239663,22103.011560512183,31,1,91.27512360237994,1,dot_product
0.018955926681682753,25576.416679661124,18,3,97.27105002072895,1,dot_product
0.016338759725303884,17440.84909285969,35,1,89.56993132183435,1,dot_product
0.014085269261002075,31109.71854431081,25,1,91.62385324783077,1,dot_product
0.018682077075956687,17449.873585429206,36,1,72.55715081343867,1,dot_product
0.013985148209521524,17635.53243026146,35,1,86.97682739194552,1,dot_product
0.019701077324311613,15724.718598821628,47,1,98.21528573188624,1,dot_product
0.013971113979103984,14649.219191100114,34,2,115.1424231103843,1,dot_product
0.015342582423114579,36347.19073992151,15,1,93.14619666608758,1,dot_product
0.012179482448547064,21143.410795862874,31,2,87.74883175167368,1,dot_product
0.015088829270605186,23149.317089127766,25,1,93.77603106075051,1,dot_product
0.01486357572317388,19852.073933763622,34,1,95.36457901935212,1,dot_product
0.012694923163966152,19985.422933409372,31,2,104.76214079081468,1,dot_product
0.00963609552243877,19931.455131061823,29,1,86.2630768946733,1,dot_product
0.017407407466020024,20682.155365311955,25,1,99.64552519283805,1,dot_product
0.02239599793620865,14282.280556956386,34,1,90.65344936018766,1,dot_product
0.011806660422039306,20592.525623453945,27,2,87.3663895825514,1,dot_product
0.01773611602207189,17315.28093367449,36,1,99.02442767135209,1,dot_product
0.018805690718512465,24685.218554309893,21,2,91.08661618434405,1,linear_regression_inference
0.014142195959568692,35747.5867370241,16,1,100.32049502737328,1,linear_regression_inference
0.014519063695633876,32243.75700095856,16,1,98.82029129564235,1,linear_regression_inference
0.018204873171348276,18983.88602290772,34,1,97.31358353053263,1,linear_regression_inference
0.024048504590016236,22051.191601649592,27,1,100.82980906885209,1,linear_regression_inference
0.020131837585855624,28112.13196051166,15,1,95.15272069346156,1,linear_regression_inference
0.011626442089453029,27143.175683702695,25,1,85.92025762189103,1,linear_regression_inference
0.025040558870569846,24369.46715470083,24,1,96.87751987229348,1,linear_regression_inference
0.016279405680201506,27300.263479456207,20,2,87.16684117148635,1,linear_regression_inference
0.00794328849057959,23510.83641398992,27,1,84.53101208097345,1,linear_regression_inference
0.015947827306648326,17167.82478616825,38,2,106.02692396960211,1,linear_regression_inference
0.01316762198992552,27846.609832095477,21,1,96.48403980927647,1,linear_regression_inference
0.0189168338130983,18242.080926518265,43,1,96.98437537776947,1,linear_regression_inference
0.014718525721430618,20772.289376525412,28,1,92.93754956992306,1,linear_regression_inference
0.01748781046287391,17939.57079226282,38,3,92.05152031788046,1,linear_regression_inference
0.01377136229405182,17700.81338628134,27,2,80.13928737725675,1,linear_regression_inference
0.020512839419615757,15836.436202782124,29,1,96.91453064591157,1,linear_regression_inference
0.011788981299279614,17887.114377571223,23,1,102.02797268207951,1,linear_regression_inference
0.014629539227210539,30186.680442548175,22,1,102.29930469554361,1,linear_regression_inference
0.01845315229725814,24702.701476645772,22,1,91.1742575699174,1,linear_regression_inference
0.015632889729675355,26522.92447996969,24,1,99.77691938978742,1,linear_regression_inference
0.01789659328061435,18748.62839613768,24,1,96.42039910592241,1,linear_regression_inference
0.012971126037136328,34553.08987443411,24,1,85.92203679357101,1,linear_regression_inference
0.020231971824835163,19962.860685169693,36,1,85.00845520021487,1,linear_regression_inference
0.011141412851642895,38783.41252052427,19,2,102.87024844684498,1,linear_regression_inference
0.0141747161017544,39348.07969007223,17,1,97.45475405338664,1,linear_regression_inference
0.01173336382751497,37315.50234008129,18,1,82.34750323892956,1,linear_regression_inference
0.01530810711410954,18214.988548152145,31,1,80.69200955606057,1,linear_regression_inference
0.01747525976633585,15698.10579854766,34,1,90.4796733698526,1,linear_regression_inference
0.01868938931496653,17208.7278531623,36,2,91.02599836327963,1,linear_regression_inference
0.018295109850109917,28854.31091201263,24,1,93.93006654886109,1,linear_regression_inference
0.013061544290728293,29753.1356389712,16,1,99.64239046178041,1,linear_regression_inference
0.01825052389114498,19013.184464886766,33,2,92.92667758402287,1,linear_regression_inference
0.01661472501313718,19383.78703181368,32,1,85.69311349615877,1,linear_regression_inference
0.012393013434637163,19953.62767012904,21,2,87.39997818178456,1,linear_regression_inference
0.018404150023296706,30402.164293290414,30,1,99.46323413219861,1,linear_regression_inference
0.018211049316669434,30477.171515141457,25,2,102.88592312976407,1,linear_regression_inference
0.015007190365084114,18843.790858488122,34,1,78.31337312508872,1,linear_regression_inference
0.0198499427427985,26226.66550655832,26,1,93.4347553106757,1,linear_regression_inference
0.012785427965698187,35530.20890469204,19,1,87.74675605479467,1,linear_regression_inference
0.013127331912378729,32259.330116821,19,1,89.51776910336977,1,linear_regression_inference
0.019020504108232028,23092.50944092003,25,1,83.90274739193832,1,linear_regression_inference
0.016168694890235768,20323.971692115563,36,1,99.7003949031365,1,linear_regression_inference
0.015669493413964886,22778.599898185665,30,1,86.63040221417248,1,linear_regression_inference
0.01512287365505814,19456.799979590138,33,3,112.45503494077158,1,linear_regression_inference
0.013753485619368636,18105.99699901089,26,2,96.6132972080997,1,linear_regression_inference
0.012311605899717444,20585.935480701137,29,2,77.82569864122804,1,linear_regression_inference
0.018146017427605132,17603.208980460815,29,1,84.86266869087694,1,linear_regression_inference
0.01861585592574585,17752.244220864584,33,2,91.85451793886065,1,linear_regression_inference
0.016015827504705826,34975.182311052595,16,2,75.54574581195801,1,linear_regression_inference
0.010906101274404228,27061.050792368485,28,1,97.83747629810978,1,linear_regression_inference
0.014176467815297047,27065.29136898377,28,1,97.71167346574893,1,linear_regression_inference
0.014272614029153908,35312.766394443875,14,1,103.61336375033295,1,linear_regression_inference
0.01424687772912404,19943.983786692777,26,1,102.33781119092285,1,linear_regression_inference
0.01323614878745478,17950.422321239785,41,1,83.89877196849274,1,linear_regression_inference
0.020590921810779043,24361.705946301805,33,1,86.09334935000558,1,linear_regression_inference
0.01383489338468707,20818.550434137866,19,1,98.87545482341962,1,linear_regression_inference
0.014330388548703563,32475.36018562047,12,1,92.87195326041338,1,linear_regression_inference
0.014235058853333914,21613.297431647396,36,1,97.59897418571279,1,linear_regression_inference
0.015116943829125961,26889.398481677865,30,1,105.69094533227651,1,linear_regression_inference
0.02054925554136231,23191.73531949167,24,2,88.4576173946546,1,linear_regression_inference
0.015019964755867303,24350.899019283996,27,2,97.23092395648099,1,linear_regression_inference
0.023410487132816415,23162.161685598392,30,1,85.9019227809696,1,linear_regression_inference
0.012444245544986963,20905.285155400252,21,1,97.11216923185171,1,linear_regression_inference
0.019140929199433106,16441.74279806482,33,1,91.07151585294669,1,linear_regression_inference
0.010849590851202295,23223.203663049684,25,1,94.68979695613879,1,linear_regression_inference
0.009596884748606245,36096.49530001749,15,1,97.00746024971967,1,linear_regression_inference
0.01130854085061071,21127.171655503964,30,1,78.30799601492046,1,linear_regression_inference
0.017755471193446736,17646.68440962298,30,1,101.97010844373648,1,linear_regression_inference
0.013183588334365429,26500.287654460193,26,1,97.3450177780185,1,linear_regression_inference
0.010335455625653307,21823.650064102872,34,1,98.44700409260183,1,linear_regression_inference
0.015309385058848353,33184.750771417166,19,1,97.75128861611383,1,linear_regression_inference
0.01247226204316902,20929.043495008194,33,1,99.48926729921592,1,linear_regression_inference
0.015894055395282693,22744.76220911814,30,1,93.74180339905166,1,linear_regression_inference
0.010964907263857303,40486.308033911526,21,2,102.45307012258827,1,linear_regression_inference
0.020139118847859506,17335.00150899272,37,1,89.66971752536689,1,linear_regression_inference
0.015664234566189084,23696.26212004199,23,2,101.3997347306006,1,linear_regression_inference
0.013509245062607962,17056.90991987195,29,1,90.9940412616569,1,linear_regression_inference
0.01950275137001203,26137.50240656911,31,2,85.52310651635115,1,linear_regression_inference
0.01694359164446329,19910.605524903018,26,1,73.93835812070093,1,linear_regression_inference
0.01791816527435013,14703.577667417161,22,1,83.90116491582603,1,linear_regression_inference
0.017488240610637563,15984.869918022196,36,1,76.10516129549717,1,linear_regression_inference
0.020163906193827505,23035.962615609904,26,1,98.38781361696925,1,linear_regression_inference
0.007848383045057073,23177.59722432025,25,1,89.7334083557584,1,linear_regression_inference
0.01332236271178949,21886.210551235872,24,1,75.6806430292391,1,linear_regression_inference
0.015127022408942153,26963.814324702813,22,2,93.08504240900112,1,linear_regression_inference
0.01604334178898532,15191.449675860957,31,1,96.0964505859852,1,linear_regression_inference
0.010675177514689252,34237.742967687234,19,1,85.09032334250975,1,linear_regression_inference
0.01596545300044379,30283.424269901287,23,1,86.93830887513283,1,linear_regression_inference
0.01792644918215541,17540.530005764183,37,1,80.1770516628852,1,linear_regression_inference
0.02109383234744019,17745.69570848534,32,2,94.55864231900671,1,linear_regression_inference
0.01362778256672561,20791.60031410148,34,1,99.42259947655216,1,linear_regression_inference
0.01830488218522376,25745.259459141038,20,1,87.07702645447728,1,linear_regression_inference
0.02016754958445651,15113.812063813008,45,1,91.10566797273079,1,linear_regression_inference
0.015241001833611408,17995.151661360134,28,3,86.5495292320094,1,linear_regression_inference
0.020113620030138755,17599.688475174073,28,2,100.72773263885234,1,linear_regression_inference
0.012619215330138673,26680.180630915405,22,1,96.83137931442924,1,linear_regression_inference
0.010957138339834584,19534.82295983554,28,1,88.09475347785008,1,linear_regression_inference
0.01839109127662084,26917.6979440986,27,3,87.74244445557491,1,linear_regression_inference
0.012188341537627429,22022.840081950933,25,1,90.2489693105235,1,linear_regression_inference
0.022008656541004323,24997.728711609256,61,3,75.97155098097306,1,logistic_regression_approx
0.02130494302691039,22075.788728558415,61,3,91.84050292301002,1,logistic_regression_approx
0.016825185433757158,38623.666296938754,42,1,91.04852594947253,1,logistic_regression_approx
0.017178082202062392,31845.550108371124,54,1,82.02195193698206,1,logistic_regression_approx
0.022611000093679053,17027.42515266314,87,2,95.70904844882381,1,logistic_regression_approx
0.019384293393986958,35329.16764925558,53,4,69.72151995658035,1,logistic_regression_approx
0.020589900611043644,28401.99727837403,62,2,86.04829229120502,1,logistic_regression_approx
0.02499095627472485,19390.324293828344,81,1,85.21605505674816,1,logistic_regression_approx
0.022917901610621468,28911.96910767875,49,1,95.55048271847441,1,logistic_regression_approx
0.01791182002373202,16919.62189417676,71,2,87.25600156697767,1,logistic_regression_approx
0.019773063797082047,24497.508653991983,58,2,90.14700827835037,1,logistic_regression_approx
0.01750164869672597,26242.415673946314,52,2,93.41602952500736,1,logistic_regression_approx
0.01938598346376879,23348.708187799835,66,1,88.11264198024575,1,logistic_regression_approx
0.01876929674070632,19024.926438575876,72,2,87.17900035657705,1,logistic_regression_approx
0.016250600575107788,31010.608875306003,40,3,83.88345289632332,1,logistic_regression_approx
0.01472575195694493,27319.76757207455,71,2,76.64273120902763,1,logistic_regression_approx
0.02091438957848,19795.428771624822,62,2,96.04679027047189,1,logistic_regression_approx
0.020854638224175704,19462.0074822012,86,1,70.42829775631535,1,logistic_regression_approx
0.01734299070847032,41235.12716683839,41,1,88.83350385419278,1,logistic_regression_approx
0.02593198802400437,25798.80553356803,66,3,95.85189082650764,1,logistic_regression_approx
0.014852740332880204,21423.16126436496,77,2,85.59574403574767,1,logistic_regression_approx
0.020439398721277046,25403.464990312194,61,2,92.26802958482604,1,logistic_regression_approx
0.01963076819594821,19810.16475215009,81,2,92.10118287029312,1,logistic_regression_approx
0.026807149106382003,29189.453144625364,69,1,90.84473996023512,1,logistic_regression_approx
0.014279332032336379,21254.90811481184,73,3,94.48895577517426,1,logistic_regression_approx
0.0242849985985973,17524.70568355534,89,1,82.18323384735609,1,logistic_regression_approx
0.01991568761106552,20439.005103046362,71,2,84.99506233532006,1,logistic_regression_approx
0.019066724369448403,24298.98934163167,53,1,91.24323084235688,1,logistic_regression_approx
0.013334019487894868,31082.622861295084,50,1,85.44091764034225,1,logistic_regression_approx
0.017951461978135984,24529.68200109565,65,2,90.20586723408746,1,logistic_regression_approx
0.025663887997349796,25862.067336399665,68,1,89.62588067086271,1,logistic_regression_approx
0.01901153171139798,21019.987851357888,63,2,83.47313540310145,1,logistic_regression_approx
0.018537926534059647,29281.275431133996,45,3,96.06967258155764,1,logistic_regression_approx
0.017908765038627896,16659.881404124655,85,3,87.66774294607073,1,logistic_regression_approx
0.020860056929018073,24155.11892335441,68,3,91.7811654736786,1,logistic_regression_approx
0.019741324038511178,25986.11632114276,59,3,94.33504178644623,1,logistic_regression_approx
0.021586332968265867,15496.782710395975,78,2,88.15205964834068,1,logistic_regression_approx
0.01836760754503379,25759.26488318677,64,1,76.03883408583509,1,logistic_regression_approx
0.017880812844315495,22459.43227554962,59,2,87.97062725733026,1,logistic_regression_approx
0.016524203881505713,24303.703124571508,77,3,94.28762465907802,1,logistic_regression_approx
0.019932988282113547,33190.41699293724,55,2,82.91158552638643,1,logistic_regression_approx
0.018162399875499537,34245.83642913697,36,3,92.48656701864263,1,logistic_regression_approx
0.021267366295919084,16872.75526674562,73,1,98.20515595232203,1,logistic_regression_approx
0.018078074444502813,27790.698733863184,56,3,86.99851160660283,1,logistic_regression_approx
0.018079906604304655,18028.590305115067,74,3,93.92441878472872,1,logistic_regression_approx
0.022438253165224024,18655.014929408808,71,2,95.40046901267642,1,logistic_regression_approx
0.015962035570164,23441.599639607448,69,3,86.19050511551993,1,logistic_regression_approx
0.012707237167291325,24268.32767719637,60,2,91.2425399220959,1,logistic_regression_approx
0.021557335622710273,28945.610770839874,59,2,74.97915462736225,1,logistic_regression_approx
0.01798900027047751,21792.61392437676,56,2,88.81402774677002,1,logistic_regression_approx
0.023443078282016125,24611.865494815873,58,3,89.25296361730123,1,logistic_regression_approx
0.016676132355635358,17609.519680174504,78,2,77.61781219482812,1,logistic_regression_approx
0.015720890699688447,34652.84709729755,45,3,96.45581957564774,1,logistic_regression_approx
0.02595653801312265,26682.56623389038,56,2,74.6778129078833,1,logistic_regression_approx
0.028906426141226356,28129.08185430109,50,2,94.75742223832377,1,logistic_regression_approx
0.017867166451483524,20942.740435144315,64,2,99.85353032343691,1,logistic_regression_approx
0.019719944010322787,34039.27508175705,46,2,91.4904725980172,1,logistic_regression_approx
0.016956748958244696,21951.120477513417,82,2,91.45807298892902,1,logistic_regression_approx
0.01764890941337368,19562.067791790792,67,2,82.09922473451209,1,logistic_regression_approx
0.019361982169637047,22398.570624105905,61,2,82.77176427667382,1,logistic_regression_approx
0.0141042922312948,36439.68614363872,49,4,83.41923591022842,1,logistic_regression_approx
0.030780660761899593,19304.49591744627,80,2,81.45611994801155,1,logistic_regression_approx
0.02836161283481182,17593.771936925765,86,3,81.30738228878032,1,logistic_regression_approx
0.015493193076927316,18367.838644976986,78,2,96.91493210951839,1,logistic_regression_approx
0.019757458380450458,24221.65010835253,61,3,85.60046096108752,1,logistic_regression_approx
0.017816448829397143,22189.556498569353,61,2,90.38186212917182,1,logistic_regression_approx
0.014762735443594074,23497.206489596352,66,3,95.07493040913353,1,logistic_regression_approx
0.019088999782376895,26507.41374018794,59,2,98.61875080081325,1,logistic_regression_approx
0.01457811298011318,20688.221486478564,62,2,87.89304966822361,1,logistic_regression_approx
0.028753298346367143,25935.747010094154,49,1,89.26940979372542,1,logistic_regression_approx
0.017809381638236577,20779.234788516995,68,2,75.17276954004565,1,logistic_regression_approx
0.0201728721026655,18630.751466372658,96,2,90.93450178730966,1,logistic_regression_approx
0.023047953257697932,22251.3887742565,63,2,99.19071526287553,1,logistic_regression_approx
0.018373459314810586,29670.807008408177,50,3,87.49344066460183,1,logistic_regression_approx
0.02722583698434664,16567.274576795506,80,1,89.17014157264748,1,logistic_regression_approx
0.017975891477124473,25112.387633022758,60,2,91.008566930952,1,logistic_regression_approx
0.016116749454975942,27660.017561293647,43,3,86.99584000793196,1,logistic_regression_approx
0.012567341904039643,25723.778133888733,57,1,77.35981533380026,1,logistic_regression_approx
0.021451021742314093,16590.988867451277,82,2,88.25422389330402,1,logistic_regression_approx
0.025513024829446958,22487.436136810265,68,2,86.94016474688297,1,logistic_regression_approx
0.01248245512189479,19889.04754378426,74,4,84.79794691002249,1,logistic_regression_approx
0.020974337494333143,18181.404113595203,79,1,90.16959961910496,1,logistic_regression_approx
0.02450956225909698,18214.422109687428,70,2,88.73728192796911,1,logistic_regression_approx
0.022954869709729396,24668.19636824259,50,3,74.45512624460524,1,logistic_regression_approx
0.026053253721896034,17745.497101048848,73,2,92.51353697722722,1,logistic_regression_approx
0.019426378844995085,36638.99099679507,51,2,93.79105659633433,1,logistic_regression_approx
0.020655858241338535,18234.38206732668,67,1,88.36514849755379,1,logistic_regression_approx
0.021160561530756412,28754.362251154984,55,1,92.70748660572409,1,logistic_regression_approx
0.016073297248764103,20178.54361178201,78,3,88.56082078718035,1,logistic_regression_approx
0.01790070303874646,32027.50901181971,49,1,83.85227143732982,1,logistic_regression_approx
0.029940198660962106,17979.35535953889,77,1,90.92653082475854,1,logistic_regression_approx
0.018648309330638976,22726.640992249904,54,2,91.83464054929276,1,logistic_regression_approx
0.019316960321001178,23093.134504496935,72,2,88.80966132129906,1,logistic_regression_approx
0.018190375931959338,21566.776751492347,74,1,91.11997458487888,1,logistic_regression_approx
0.022605684957576304,16238.934596739888,90,3,93.53472442718414,1,logistic_regression_approx
0.02221056969567069,17740.15650789291,73,2,82.38104988477076,1,logistic_regression_approx
0.027243450364440456,24269.88141675958,58,2,95.68877729439377,1,logistic_regression_approx
0.024268318956464262,17214.27849214964,78,2,77.14339009865402,1,logistic_regression_approx
0.02118156404938161,26551.680063311644,54,1,86.3713139402652,1,logistic_regression_approx
0.016346201834958624,32450.65837351617,46,1,94.15089163256593,1,logistic_regression_approx
